id,title,price,numSubscribers,numReviews,numPublishedLectures,instructionalLevel,Date,Time,Duration_in_hours,CatchyWords
696630,"7 Ways A Beginner Guitarist Can Sound Better, Instantly!",0,4529,193,7,1,2015-12-21,18:50:50,0.6,0.0
643970,Instant Harmonica - Christmas. Play Jingle Bells Part 1 now,20,823,11,10,0,2015-12-11,18:42:43,0.7,0.0
801486,Playing Piano:  Popular Pieces Vol. II,150,1472,4,24,1,2016-03-31,17:24:49,1.5,0.0
455054,Ninja Chord Changes - Master your guitar chord changes,30,1327,11,13,1,2015-03-29,21:57:12,1.5,0.0
1257976,Your First 10 Guitar Lessons - Learn how to play guitar,0,924,4,18,1,2017-06-29,00:29:36,1.0,0.0
1253224,Pentatonic Scale Crash Course for Bass Guitar,0,898,6,24,2,2017-06-15,18:35:07,1.0,0.0
837722,Modal Theory for Guitar (Guitar Lessons from Lutz Academy),50,1039,29,9,0,2016-05-06,15:32:00,1.5,0.0
631416,Learn Fun Dreamy Piano Techniques #1 -  Play White Christmas,80,1474,10,102,0,2015-10-20,22:41:19,2.0,0.0
149728,Learn Jazz Piano Today,50,1167,66,44,0,2014-01-24,18:17:37,3.0,0.0
195576,Learn To Play The Drums Without A Drum Kit,25,1589,52,39,0,2014-06-27,21:54:58,2.0,0.0
1048302,Learn Travis Picking From Scratch,40,219,30,25,2,2017-01-01,22:17:22,1.5,0.0
560662,Instant Harmonica - how to get single notes in 5 easy steps,20,835,10,7,1,2015-07-22,22:15:10,0.6333333333333333,0.0
661814,Piano Runs & Fills #3:  Jazzy Chromatic Chord Song Endings,70,747,5,28,0,2015-11-10,18:42:55,1.0,0.0
640496,Teaching Music : Start teaching an instrument successfully.,30,1337,5,18,1,2015-10-16,20:34:11,1.5,0.0
1200374,Strumming from scratch - Rhythm guitar lesson for Beginners,0,530,11,13,1,2017-05-04,21:57:00,2.0,0.0
101498,Blues Guitar Lessons - From Texas To Carolina,20,1297,12,9,2,2013-10-13,09:01:34,2.5,0.0
729464,Instant Harmonica - play the groovy Beatles Yesterday today!,40,295,7,14,0,2016-04-25,15:48:05,1.0,0.0
961630,Beginner Guitar Quick-Start Course,0,2084,20,7,1,2016-09-28,00:11:43,1.0,0.0
544234,Mike G's Beginner Drum Course: Part 1,35,515,14,20,1,2015-11-01,20:04:07,3.0,0.0
517366,Guitar for Beginners - Learn the Basics,20,1026,13,19,1,2015-06-12,22:33:53,0.5166666666666667,0.0
271652,How To Play The Djembe: For Beginners,30,414,18,19,0,2014-11-11,05:00:30,1.0,0.0
760066,Blues Guitar Lessons - Volume 1 - Blues Shuffle Essentials,45,198,21,15,0,2016-02-12,07:50:14,2.5,0.0
80844,Beginner Guitar - 38 Easy Lessons You Needs to Get Started,40,250,24,39,1,2013-09-05,22:58:33,3.0,0.0
820086,Bass Guitar Lessons For Beginners,95,180,21,38,1,2016-04-26,17:30:35,2.5,0.0
1013558,Pure Pentatonic Power: Rock and Blues Guitar Soloing,50,128,10,18,0,2016-11-27,15:59:33,2.0,0.0
206332,Rock Drumset Grooves: Level 1,20,709,12,38,1,2014-09-02,07:02:07,2.0,0.0
624662,Guitar: The Next Level,55,117,12,10,1,2015-10-02,17:38:33,1.0,0.0
470472,Learn to Play Euphonium: Beginner to Pro in Under Five Hours,50,305,39,108,1,2015-04-16,00:39:46,7.0,0.0
331970,Learn Oud 1 (No Prior Music Knowledge Required!),20,153,27,38,1,2015-09-10,16:41:17,3.5,0.0
705890,Instant Harmonica - play Dylan's Blowing in the Wind today!,20,81,5,14,0,2016-01-12,00:11:00,1.0,0.0
932804,Improvise On The Piano In 30 Minutes,40,85,8,19,1,2016-08-18,18:24:45,1.5,0.0
1101522,Cajon Step-by-Step: Beginner > Intermediate > Advanced,35,73,9,45,0,2017-02-13,16:22:41,3.0,1.0
760300,Blues Guitar Lessons - Volume 2 - Slow Blues Essentials,45,178,21,11,0,2016-02-13,03:08:06,2.0,0.0
636858,Instant Harmonica - play the gorgeous Skye Boat Song now!,20,122,9,11,1,2015-10-18,22:30:58,0.6333333333333333,0.0
371896,Learn to Play Trombone: Go From Beginner to Pro in No Time!,50,402,47,123,0,2015-03-04,22:41:55,7.5,0.0
636842,FingerstyleGuitar by Jacques Stotzem - Basic Level,30,119,12,16,0,2015-10-12,22:02:04,1.5,0.0
564446,Instant Harmonica - play two Star Wars themes in 30 minutes ,20,605,21,11,1,2015-07-28,16:49:56,0.7,0.0
925286,Play Piano To-day! - Beginner Piano Lessons For Busy People!,100,476,16,91,1,2016-11-01,23:35:16,4.0,0.0
324224,Learn to Play the Flute: Beginner to Pro in Under Five Hours,50,707,116,108,1,2014-10-29,19:41:32,7.0,0.0
1008054,Play Piano 7: Improvise on For All We Know in F Key by Ear,50,438,3,77,0,2016-11-10,20:20:30,1.5,0.0
40495,World's Fastest Piano Method - The Piano Revolution!,95,1199,58,31,1,2013-02-18,20:31:06,2.0,0.0
184780,Learn to Play the Trumpet: Beginner to Pro Made the Easy Way,50,966,157,145,1,2014-03-21,10:19:54,7.5,0.0
338926,Learn to Play Clarinet: Beginner to Pro in Under Five Hours,50,877,93,88,1,2015-01-01,01:25:39,6.0,0.0
104304,"Learn To Play The Piano Using Pop, R&B and Gospel Chords",50,1504,15,14,0,2013-10-15,18:13:46,0.6833333333333333,0.0
413182,Play By Ear #4: Play Song By Ear with 3 Chords Using Any Key,95,1064,11,110,0,2015-02-07,18:40:39,2.5,0.0
1108666,Worship Piano: From Beginner to Pro,80,117,11,32,0,2017-02-18,18:03:24,3.0,0.0
692658,Easy to play Christmas Songs for Guitar,100,1229,8,11,0,2015-12-12,00:29:50,0.5,0.0
173776,Ultimate Blues Guitar Beginner Lessons,20,922,57,90,1,2014-03-08,11:31:03,10.5,0.0
1254852,How to Play Piano - Your First Lesson!,0,662,7,13,1,2017-06-24,04:47:09,0.5166666666666667,0.0
637842,Playing Piano : Reading and Playing Classical Tunes Vol.I,50,1732,6,34,1,2015-10-16,18:07:12,2.0,0.0
953442,Blues School! A Course For Beginners in Blues Piano & Improv,120,326,44,54,0,2017-02-22,21:44:05,3.0,0.0
648628,Learn Fun Dreamy Piano Techniques # 2 - Play Silver Bells,80,1284,6,99,0,2015-10-26,21:28:49,2.0,0.0
670640,31 Day Guitar Challenge,40,1029,22,32,1,2015-11-30,19:03:27,3.5,0.0
403078,Percussive Fingerstyle Guitar,50,886,43,74,2,2015-02-02,18:04:46,1.5,0.0
174562,Learn to Play Saxophone: Beginner to Pro in Under Four Hours,50,1213,158,77,1,2014-03-03,19:36:23,5.0,0.0
396238,"Learn BASS GUITAR- Have Fun, Amaze Your Friends- It's Easy! ",100,1605,19,52,1,2015-02-13,03:27:03,2.0,0.0
20387,Guitar Insanity Workout - Eatmystrings!,50,2673,17,29,0,2012-07-06,21:33:05,2.5,0.0
646906,Playing Piano:  Play Chords and Popular Pieces Vol.I,100,1987,7,43,1,2016-02-01,02:17:42,3.0,0.0
783292,Guitar Chord Riot! Learn to Play Guitar Like a Guitar Jedi,75,1052,6,43,2,2016-03-11,23:46:06,0.5,0.0
515262,Guitar: Learn 12 Must Know Beginner Rock Guitar Riffs,50,1548,10,20,1,2015-09-24,17:38:55,2.0,0.0
147404,Guitar Fretboard Mastery for the Blues Guitarist,20,257,6,5,0,2014-01-16,11:30:07,1.0,0.0
260900,Quick & Easy Piano Chords: Play more songs with more chords,55,1818,4,90,1,2014-07-17,10:12:32,2.5,0.0
563650,Instant Harmonica - play Scarborough Fair in 8 easy lectures,40,543,4,12,1,2015-07-24,22:22:30,1.0,0.0
743674,Piano With Willie: Blues n' Boogie Vol. 2,40,95,8,11,2,2016-04-13,05:37:37,2.5,0.0
71912,Have Fun with Beginner Blues Piano,75,321,24,27,0,2013-08-05,16:46:21,2.5,0.0
1186514,Learn to Play Harp: Beginners Course,0,408,7,10,1,2017-04-28,17:08:37,0.6833333333333333,0.0
1104494,Instant Harmonica - play this classic 8 bar blues tune!,40,43,4,13,0,2017-04-23,10:53:00,1.0,0.0
764534,Guitar Lessons - Learning The Neck - Fretboard Mastery,45,239,30,49,0,2016-02-16,20:37:03,6.0,0.0
808292,Take your double bass drum technique to the next level,40,584,7,196,2,2016-05-16,00:27:34,5.5,0.0
630734,How To Play The Cajon: For Beginners,30,144,15,25,0,2015-12-18,19:52:45,1.5,0.0
757284,Slide Guitar- Slide Soloing Essentials,50,297,20,17,0,2016-02-11,07:51:59,3.0,0.0
356060,Learn Piano #8:  Use Augmented Chord Sub & Whole Tone Scales,60,1137,4,45,0,2016-02-23,16:46:28,1.0,0.0
1045886,Learn Acoustic Guitar for Worship,40,86,18,26,1,2017-01-23,15:32:41,2.0,0.0
939668,Learn 3 - All Time A R Rahman Hits on Carnatic Flute!,70,98,18,31,2,2016-12-13,22:38:05,2.5,0.0
873386,Guitar Lessons: The Essential Beginner & Intermediate Course,0,2566,39,23,0,2016-06-10,18:18:36,2.0,0.0
933818,Instant Harmonica - play the groovy Irish Washerwoman now!,40,55,8,13,1,2017-01-24,23:11:26,1.0,0.0
624118,Music Fundamentals: Learn Beatmaking with Pen Tapping,200,537,2,22,0,2015-11-13,22:12:07,2.0,0.0
149716,"Learn to Play Fernando Sor's 'Study in B minor"",https://www.udemy.com/study-in-b-minor/,true,115,1403,5,9,Intermediate Level,43 mins,2014-01-27T20:58:16Z
398746,Piano: The Chord Based System - Learn To Play As The Pros Do""",115,595,20,33,0,2015-02-09,23:14:03,2.0,0.0
585946,Beginner Guitar Lessons by Paul Gronow,50,659,4,46,0,2016-03-02,17:16:23,3.5,0.0
876396,Guitar Fretboard Secrets,55,186,13,35,2,2016-12-01,00:20:53,2.0,0.0
263818,Learn to Play French Horn: Beginner to Pro Made the Easy Way,50,460,27,131,1,2014-10-29,19:43:24,8.0,0.0
759972,150 Rock Guitar Licks You MUST Know,45,252,14,21,0,2016-02-19,17:24:14,4.5,0.0
893056,Didgeridoo - from zero to HERO! Part One - beginning,35,87,11,38,1,2016-07-02,14:47:33,3.0,0.0
326428,Learn Piano Scales: Play any song in any key! Like Pro's do,50,1720,9,26,1,2014-10-29,09:56:10,2.5,0.0
769518,Instant Harmonica - play the groovy Valens La Bamba now!,20,390,4,10,1,2016-02-22,22:28:12,0.7333333333333333,0.0
806638,Blues Master - Beginner's Techniques Piano Course,0,2618,41,16,0,2016-03-29,00:12:41,1.5,0.0
467408,"How to play Djembe, Drums & Rhythm. Level 2",40,390,14,36,2,2015-07-23,18:48:24,2.0,0.0
567558,Instant Harmonica - play Amazing Grace with grace and ease!,40,496,6,14,1,2015-08-01,00:00:56,1.0,0.0
854696,Instant Harmonica - play Amazing Grace + Ode to Joy now!,40,341,7,23,0,2016-06-17,07:57:27,1.5,0.0
1182624,Play Thousands of Songs On The Guitar | Cheater Chords,100,97,5,12,1,2017-04-19,16:26:09,1.0,0.0
27681,Piano Improvisation from Day One,20,1249,37,21,0,2013-03-01,07:39:22,3.0,0.0
412970,Classical Guitar Essentials - The Basics Part 1,65,861,19,52,1,2016-05-04,15:09:40,4.5,0.0
344234,Learn Piano #7- Learn Chromatic Chords & Chromatic Scale Run,60,973,8,74,0,2016-02-01,20:19:24,2.0,0.0
692812,Play all major scales by ear - no notation required!,40,868,8,62,1,2015-12-15,18:53:43,3.5,0.0
933666,How to play in a local Irish music session with confidence,40,193,5,8,0,2016-08-18,21:30:16,1.0,0.0
645202,The Total Beginner's Guitar Course,0,9193,357,17,1,2016-03-24,15:04:30,1.5,0.0
65033,Virtual Piano Lessons - A New Way To Learn Piano,50,5830,29,12,0,2013-07-21,23:31:31,1.0,0.0
550842,16 Guitar Chords to Jam With - (Beginner - Intermediate),20,1224,19,20,1,2015-07-10,19:53:56,1.0,0.0
19421,Free Beginner Electric Guitar Lessons,0,101154,1042,95,1,2012-06-15,17:00:33,4.5,0.0
897162,101 Awesome Rockabilly Guitar Licks,40,407,64,33,2,2016-08-10,20:58:18,2.5,0.0
955914,A beginner`s guide to fingerpicking and strumming guitar',0,3481,29,20,1,2016-09-13,21:51:59,2.0,0.0
1158690,"Instant Harmonica - Basic 12 Bar Blues course, easy and fun!",40,124,8,14,1,2017-03-29,00:36:48,1.0,0.0
551170,Your First Course on Piano,70,2002,34,33,1,2015-07-16,17:07:49,4.0,0.0
198690,Acoustic Guitar Basics,0,14495,224,21,1,2014-08-07,20:32:27,2.0,0.0
657518,Cracking the Violin Code!,120,746,82,40,0,2015-11-17,21:30:46,5.5,0.0
708696,Instant Bodhran - part one; learn the basics of drumming now,30,920,31,9,1,2016-01-12,20:59:18,1.0,0.0
1007396,"Play The Piano By Ear | Master Class, Learn By Doing",175,362,38,27,0,2016-11-12,15:05:19,2.5,0.0
505126,Discover Classical Guitar Level 2   ,75,927,35,123,2,2015-09-01,17:47:10,11.5,0.0
574428,Fingerpicking Classics - Great songs played fingerstyle!,20,953,11,13,0,2015-08-07,22:08:40,2.0,0.0
602450,6 Must Know Tricks to Successful Solos,35,469,38,30,0,2015-09-28,22:00:17,4.0,0.0
895244,CAGED System for Guitar (Guitar Lessons from Lutz Academy),50,450,15,7,0,2016-07-25,17:08:52,1.5,0.0
342398,Learn the Violin - No Music Experience Necessary!,120,600,27,30,1,2015-09-02,18:48:15,3.0,0.0
552700,Your Second Course on Piano: Two Handed Playing,70,1018,12,22,1,2015-10-26,20:04:21,5.0,0.0
175278,How to Design Your Own Guitar,50,181,34,32,0,2014-06-25,21:27:25,5.0,0.0
101496,How To Play Blues Guitar - Broonzy & McGhee Blues Lessons,0,8240,31,6,2,2013-11-23,12:27:56,1.5,0.0
365292,Play Sonny Terry style on Harmonica and dazzle your friends!,200,582,49,51,0,2014-12-18,20:57:56,5.5,0.0
42251,Blues and Advanced Guitar Lessons,85,1235,46,131,0,2013-06-10,16:25:30,7.5,0.0
446478,Learn basics of South Indian Carnatic Flute Step by Step ,150,380,113,49,1,2015-04-15,16:33:43,4.0,0.0
132570,Basic Piano Hymn Playing,20,1842,21,28,1,2013-12-12,07:09:21,1.5,0.0
288942,#1 Piano Hand Coordination: Play 10th Ballad in Eb Key songs,35,3137,18,68,0,2014-09-18,05:07:05,1.5,0.0
1105794,Piano Music Theory (Back To Basics) by JFilt,0,4967,308,12,1,2017-02-13,23:03:35,0.5,0.0
515256,Guitar - 12  Strumming Patterns You Must Know For Guitar,50,2154,40,16,1,2015-07-06,23:16:45,1.0,0.0
956102,Guitar Lessons for complete beginners - super simple and fun,20,936,9,12,1,2016-09-12,17:49:04,0.6666666666666666,0.0
902476,CAGED Pentatonic System for Guitar - Level 3,45,1224,17,32,0,2016-09-28,03:04:52,1.5,0.0
1051856,Classical Guitar Essentials - The Basics Part 2,95,1030,1,44,2,2017-03-03,22:16:24,4.5,0.0
583752,Introduction to Piano - By PGN Piano!,0,14922,772,8,1,2015-08-16,20:38:49,0.6666666666666666,0.0
521072,Keyboard Instruments - Read Sheet Music for Piano Fast!,50,2788,52,41,1,2015-07-01,21:34:49,1.5,0.0
749686,How to Play the Guitar: Your 30-Day Guide to Learn Guitar,20,2686,10,32,1,2016-02-02,19:37:04,6.0,0.0
1010274,Drumming Accelerator: How To Get The Best Start Possible,200,1594,4,34,1,2017-04-18,16:33:28,1.5,0.0
998100,Play Piano 4: Improvise on popular song Yesterday chords,50,1018,4,63,0,2016-10-30,20:20:10,1.5,0.0
1033670,Beginner's Guitar Lessons - Crash Course for Busy Adults,50,1194,9,29,1,2017-05-02,05:12:51,2.0,0.0
1266892,Getting Started with the Guitar in 5 Days,0,270,1,24,1,2017-07-03,20:21:23,1.5,0.0
762374,Guitar Lessons - String Bending And Vibrato Essentials,0,3325,28,5,0,2016-02-15,17:04:24,1.0,0.0
743634,Piano With Willie: Blues n' Boogie Vol. 1,40,172,26,15,2,2016-04-13,05:27:23,2.5,0.0
663810,Piano Runs & Fills #4: C6 Rolling Waves & Waterfall Runs,70,834,3,35,0,2015-11-10,20:59:52,1.0,0.0
475914,Chugging - it don't mean a thing if it ain't got that swing!,200,382,21,25,0,2015-04-20,18:28:10,2.5,0.0
831294,Make Your Own Ukulele,85,452,5,23,0,2016-08-29,18:53:27,4.5,0.0
364716,"Beginner Violin 101: Care, Maintenance, and the Right Gear",0,5543,107,29,0,2015-03-03,00:09:19,4.0,0.0
1105904,Learn How To Play 25 Classic Hip Hop Songs,25,153,9,27,0,2017-02-13,23:03:20,2.5,0.0
242382,Learn Beethoven's Fur Elise on Piano,20,1582,11,6,0,2014-06-13,00:34:26,0.48333333333333334,0.0
783778,Play Violin and Fiddle for beginners - it's fun  - Course 1,20,560,8,9,1,2016-03-18,00:49:32,1.0,0.0
773016,Piano With Willie Building Technique with Scales Vol. 1,40,111,15,12,0,2016-04-13,06:26:47,1.5,0.0
672894,Christmas Piano Songs For The Very Beginner Vol. I,40,1060,3,15,1,2015-11-22,23:56:07,1.5,0.0
1132694,Introduction to Gypsy Jazz Guitar,95,452,10,18,0,2017-05-14,14:30:46,2.5,0.0
311530,"Learn How to Play Blues, Rock, & Boogie Woogie Piano Today",45,2346,11,14,0,2014-10-08,22:07:46,0.65,0.0
1236562,The Piano Chord Ladder | Learn to Play Thousands of Songs,100,103,2,11,0,2017-05-31,20:30:26,1.0,0.0
1000966,Play Piano 5: Improvise on Misty Eb Key Runs & 2-5 Chords,50,833,6,70,3,2016-11-03,16:46:58,1.5,0.0
782430,Playing Piano: Scales and Arpeggios Vol.I : Major keys,50,2358,3,26,1,2016-03-31,18:31:08,1.0,0.0
777650,Drumming for Beginners - Simple Way To Learn How To Drum,20,1814,28,22,1,2016-03-02,18:06:21,2.0,0.0
138228,Get great playing HARMONICA - a fun new leisure time hobby !,35,2543,44,17,0,2014-02-12,17:15:13,2.0,0.0
1034414,Fingerstyle Guitar Mastery: 3 Techniques You Need To Know,0,3042,40,13,0,2016-12-13,16:13:47,0.5666666666666667,0.0
996888,Play Piano 3: Improvise Chords to Enchanted Evening by Ear,50,809,5,57,0,2016-10-30,16:33:51,1.5,0.0
1191750,"Jazz Guitar Tips, Tricks and Licks",0,9351,331,21,2,2017-05-01,02:32:12,2.0,0.0
793234,Piano From Zero To Pro - Beginner Essentials To The Piano,70,811,129,52,1,2016-03-16,15:28:29,3.5,0.0
372416,"Piano: Learn 48 chords in 1 hour,  and always remember how",120,1424,71,16,1,2014-12-28,22:17:41,1.5,0.0
665278,Walking Bass - Quick Start Guide,50,193,20,31,0,2015-12-10,22:33:58,1.0,0.0
1170198,Beginner Guitar Lessons: Learn To Play Guitar Today (WAVE 1),45,65,18,56,1,2017-05-01,19:01:49,10.0,0.0
1002272,Blues Bass - Quick Start Guide,50,59,8,29,0,2016-11-24,22:40:05,1.5,0.0
213532,How to speak Pianish (beginner level),30,545,5,10,1,2014-08-25,13:52:11,1.0,0.0
64585,Gospel Piano Essentials,30,668,39,46,2,2013-07-11,23:06:29,11.5,0.0
1013762,Instant Harmonica - play Leonard Cohen's Hallelujah now!,40,100,15,14,0,2016-11-20,22:46:31,1.5,0.0
315576,Guitar Crash Course (No Experience Necessary),0,5769,78,29,1,2015-01-22,03:23:59,1.0,0.0
812914,Beginner Guitar Lessons - Your Complete Foundation Course,60,293,30,162,1,2016-04-11,23:01:29,18.5,0.0
660690,Piano Building Blocks: Learn the 24 Most Common Chords,50,492,10,17,1,2016-03-07,20:53:38,1.5,0.0
347104,Learn to Play the Oboe: Beginner to Pro in Under Four Hours,50,500,39,74,1,2015-01-01,01:25:25,5.0,0.0
638204,Playing Piano By Ear: Complete Guide for Aspiring Musicians,150,346,26,59,0,2015-11-20,23:32:08,4.5,0.0
519694,"Discover the fun of Spoon playing, a beginners course",65,353,13,25,0,2015-06-25,22:54:11,1.0,0.0
647336,Country Guitar Fundamentals,50,1174,39,23,2,2016-12-23,22:52:59,1.5,0.0
464844,Discover Classical Guitar Level 1,25,1513,38,19,1,2015-06-21,20:31:22,1.5,0.0
824044,PI-101 Top 10 Classical Piano Pieces for Beginners,0,6292,183,38,1,2016-05-30,21:02:20,1.0,0.0
409818,Get started playing blues harmonica,0,6853,398,23,1,2015-03-30,22:01:08,0.6166666666666667,0.0
755198,Rockabilly Guitar For Beginners,40,475,125,36,1,2016-02-21,15:14:52,2.0,0.0
552650,Beginner Piano,20,776,79,89,1,2015-08-05,00:29:09,4.0,0.0
710420,Step by Step Tabla Course- Indian Drums,20,1337,17,21,1,2016-01-18,18:17:05,1.0,0.0
1000988,Play Piano 6 -Improvise on The Way We Were with Power Chords,50,701,4,62,0,2016-11-03,16:59:45,1.5,0.0
384928,101 Blues riffs - learn how the harmonica superstars do it,200,1350,65,55,2,2015-01-04,21:14:31,6.5,0.0
392958,Learn To Play The Drums,25,1141,88,74,0,2015-05-28,16:46:33,8.5,0.0
515260,Guitar: Master The Guitar Fretboard In 6 Easy Steps,55,1203,26,10,1,2015-10-12,18:25:15,1.0,0.0
555340,Play Piano in 30 Days! - Start Playing NOW!,0,5188,410,58,1,2015-07-26,18:08:47,3.0,0.0
603902,Curso de Didgeridoo nivel principiante,50,0,0,31,1,2016-04-11,04:14:05,1.0,0.0
217978,ブルースギター入門,0,462,6,23,0,2014-05-17,04:00:12,3.5,0.0
238934,Pianoforall - Incredible New Way To Learn Piano & Keyboard,200,75499,7676,362,0,2014-08-07,06:27:51,30.0,0.0
456284,The Professional Guitar Masterclass,200,21701,1340,136,0,2015-04-28,17:27:26,9.5,0.0
1029440,Modern Rock Guitar Techniques,50,3157,375,32,2,2016-12-08,16:21:16,3.0,0.0
42271,Complete Guitar System - Beginner to Advanced,145,32935,2713,310,0,2013-05-29,15:24:47,34.0,1.0
484670,Guitar Super System Level 1,50,10869,2257,104,2,2015-04-29,23:49:34,5.0,0.0
967380,How to play Piano - Go from a Beginner/Intermediate to a Pro,200,5316,159,291,0,2016-10-16,18:25:57,31.0,0.0
681692,Guitar Super System Level 2,50,4192,128,34,3,2015-11-30,21:49:37,1.5,0.0
200598,"LEARN HARMONICA, amaze your friends and have fun - it's easy",200,8857,718,131,0,2014-04-27,16:25:44,15.5,1.0
953152,The Complete Piano & Music Theory Beginners Course,50,10435,665,23,0,2016-09-15,22:49:21,1.5,0.0
1132342,Ultimate Beginner Guitar Masterclass,200,8113,79,124,1,2017-05-15,23:04:11,11.5,0.0
194692,Quicklessons Piano Course - Learn to Play Piano by Ear!,200,7178,260,144,0,2014-04-12,17:29:32,8.5,0.0
1119092,"Learn guitar the Right way! Complete 'KickStarter course""",150,2102,33,99,1,2017-02-25,00:22:55,9.0,0.0
902474,CAGED Pentatonic System for Guitar - Level 1,45,1329,52,35,0,2016-07-28,03:33:36,1.5,0.0
920194,CAGED Pentatonic System for Guitar - Level 2,45,1220,13,26,0,2016-08-26,16:15:07,1.5,0.0
666322,Learn to Play Piano From a Concert Pianist - For Beginners,200,3206,18,17,1,2015-11-22,18:38:28,1.0,0.0
1193886,#12 Hand Coordination: Let your Hands dance with Ballad 9,75,482,1,47,2,2017-04-26,18:34:57,1.5,0.0
647338,How To Make Money With A Cover Band,50,2498,12,25,0,2017-03-30,22:39:31,3.5,0.0
1194244,How To Play Guitar - For Absolute Beginners,35,478,3,18,1,2017-05-01,21:48:41,1.0,0.0
658816,Learn How to Improvise on Guitar in 30 Days,200,1788,89,33,1,2016-10-25,20:21:51,6.0,0.0
1009802,Play Piano 8 - Play Over the Rainbow by Ear & Free Improvise,50,1249,6,69,0,2016-11-14,19:17:21,1.5,0.0
353224,The Best Beginner Guitar Course Ever,50,1976,252,16,1,2014-11-25,16:20:58,1.0,0.0
938260,Piano For Singer/Songwriters 2: Pop/Rock Rhythm Immersion,100,567,37,24,0,2016-08-29,19:12:11,1.5,0.0
907966,Guitar: Learn 10 CCR Guitar Chord Progressions,50,2045,8,24,1,2016-08-25,19:22:05,2.0,0.0
997470,"Play Piano 2:  Play 'Love Me Tender By Ear with 2-5 Chords""",50,1204,8,56,0,2016-10-30,16:24:37,1.5,0.0
993134,Learn Piano #10 Tritone Chord Substitution with Jazzy Sounds,60,1227,2,26,0,2016-10-25,18:48:51,0.6333333333333333,0.0
41884,Getting Started with Playing Guitar,0,47652,1141,26,1,2013-05-29,15:28:07,4.0,0.0
888698,Piano Playing: Reading and Playing Classical Tunes Vol.II,40,1638,3,17,1,2016-06-28,15:36:21,1.5,0.0
1119610,Harmonica Jamz: The Only Course on Jammin' with Friends,60,568,8,65,1,2017-03-21,22:54:24,5.0,0.0
476324,Guitar - Learn 10 Legendary Chord Progressions for Guitar,55,3013,15,28,1,2015-06-14,19:04:21,1.5,0.0
476988,Guitar - Blues Guitar for Beginners,45,2795,26,25,1,2015-05-22,20:01:12,1.0,0.0
1159988,Electric Guitar for Beginners - RockStarter Level 1,40,491,5,29,1,2017-03-30,16:37:29,2.5,0.0
1034080,The Circle of Fifths for Guitarists,50,1018,2,5,2,2016-12-15,21:57:42,1.5,0.0
659918,Piano Runs & Fills #2: Play Rolling Cascading Runs for Intro,70,2164,10,30,0,2015-11-04,21:02:58,1.0,0.0
422546,Piano - Circle of 5ths to Play A Song in 12 Keys in 12 Days,95,2415,16,115,0,2015-02-17,18:46:37,2.5,0.0
1116196,Essential Theory and Technique for Guitar,0,2285,34,22,1,2017-02-25,00:24:16,2.0,0.0
660460,Piano for Complete Beginners: Learn your first song today!,40,1268,10,30,1,2015-11-10,20:37:08,1.0,0.0
1123250,Master Class Piano Techniques: Tips To EZ Coordinate 2 Hands,95,2026,3,62,2,2017-03-09,16:25:04,2.5,0.0
1003568,Master Class # 11:  Play Piano Techniques Learn Piano 1 to10,95,2164,10,113,0,2016-11-07,14:54:19,2.0,0.0
1240148,Learn all Piano Chords in all Piano Scales with logic,45,969,2,17,1,2017-06-04,18:56:32,1.0,0.0
1111630,Learn to play the piano or keyboard from scratch,145,1987,11,161,1,2017-05-31,18:38:06,14.0,0.0
830568,5 Exotic Guitar Scales and How to Use Them Effectively,50,1319,101,21,2,2016-08-09,17:21:24,1.0,0.0
566678,Learn 4 Chords and Play Thousands of Songs!,20,4560,177,22,1,2015-08-17,19:01:04,1.5,0.0
1170074,#10 Hand Coordination - Transfer Chord Ballad 9 - C & Bb Key,75,1593,1,41,2,2017-04-12,19:06:34,1.0,0.0
517148,Acoustic Fingerstyle Guitar Course: Beginner to Advanced,200,6565,55,56,0,2015-08-04,17:40:13,4.0,1.0
206088,Guitar Chord Mastery!Turn Your Brain Into A Chord Encyclopia,200,4133,173,224,2,2014-05-19,00:26:06,28.5,0.0
995562,Play Piano 1 Master Class Intro:  Standards 2-5 Power Chords,50,1541,14,42,0,2016-10-29,14:56:51,1.0,0.0
59922,Best Beginner Guitar Lessons by Sam Lyons,20,14560,20,32,0,2013-06-16,17:54:10,2.0,0.0
76524,A new approach to piano and playing songs for beginners,50,7140,72,26,1,2013-08-11,20:39:24,1.5,0.0
971962,Learn Guitar: Zero to Guitar Fingerpicking in 30 days,50,1495,26,36,1,2016-12-28,03:33:30,2.5,0.0
972704,How to play Contemporary Piano,25,1200,35,10,0,2016-10-04,13:59:25,0.6,0.0
993510,Piano Technique Exercises Vol.1,50,1674,4,24,0,2017-01-25,14:41:57,1.0,0.0
1255114,Instant Harmonica - Learning the Basic 12 Bar Blues Bassline,40,54,6,10,0,2017-06-16,22:01:09,1.0,0.0
1120410,#5  Piano Hand Coordination:  Piano Runs in 2 Beats Eb Key,75,940,3,32,2,2017-02-21,23:44:49,0.6166666666666667,0.0
1048188,Modern Country Guitar: Technique Booster,30,1152,16,42,2,2017-01-26,22:37:15,2.5,0.0
970880,"Blues Guitar Lessons for Beginners: Chords, Rhythm and Lead",95,2558,19,16,1,2016-10-19,03:26:29,3.0,0.0
1116700,#4 Piano Hand Coordination: Fun Piano Runs in 2 Beats C Key,75,850,3,43,2,2017-02-21,23:48:18,1.0,0.0
687248,3 step formula for playing guitar by ear,25,3937,54,20,1,2015-12-03,21:26:09,1.5,0.0
1052180,"How to play 'Electric Guitar"",https://www.udemy.com/electric-guitar-beginners-method/,true,50,1105,5,20,Beginner Level,2 hours,2016-12-29T00:24:06Z
42038,Learn Piano Today: How to Play Piano Course in Quick Lessons""",100,6271,68,75,0,2013-06-27,21:55:17,5.0,0.0
501412,Play Piano by Ear Today! SuperCourse,60,4557,21,77,0,2016-01-05,22:39:04,5.5,0.0
1032864,Learn to Read & Write Music to play Piano & more instruments,115,5292,38,85,0,2016-12-27,19:52:54,10.5,0.0
574974,The Complete Piano Course - Master The Piano,95,4982,276,240,0,2015-08-20,21:25:34,23.0,0.0
1229488,Learn to play your favorite guitar songs by ear,50,4733,11,15,0,2017-05-27,00:12:52,1.5,0.0
658276,Piano for Singer/Songwriters | Write Songs and Perform Live!,100,3371,175,42,1,2015-11-12,01:10:55,3.0,0.0
1041176,Fun Beginner Ukulele Course,55,1409,41,17,1,2016-12-21,00:56:03,1.5,0.0
26956,Learn Guitar in 21 Days,20,26504,192,82,1,2012-10-21,20:36:50,2.5,0.0
1098994,Fun Ukulele Strumming Course,45,3141,10,15,1,2017-02-02,18:41:15,1.0,0.0
917432,The Professional Bass Masterclass,200,1449,136,88,0,2016-10-24,18:22:57,7.0,0.0
983418,The Allman Brothers Guitar Roots And Techniques,75,2692,29,14,2,2016-10-29,21:58:01,1.5,0.0
648506,Blues Guitar Fundamentals,50,3312,107,21,2,2016-06-27,23:12:31,1.5,0.0
1122832,#6 Piano Hand Coordination: Play Open 10 Ballad to 9/4 Song,65,2015,3,21,2,2017-03-08,17:53:36,0.7333333333333333,0.0
1123184,#7 Piano Hand Coordination: Play Piano Runs in 3 Beats 9/4,65,2015,2,25,2,2017-03-08,18:09:32,1.0,0.0
858064,Beginner Level Popular Piano Program - Month 1,30,7,2,13,1,2016-05-24,17:31:13,1.0,0.0
214328,Piano Lessons for the R&B Fan,20,228,2,64,0,2014-05-13,21:12:45,8.0,0.0
101500,Guitar Lessons - Blind Blake - King Of Ragtime Blues Guitar,20,65,5,13,3,2013-11-25,15:20:27,4.0,0.0
829962,Darbuka Drumming: Learn how to play the Darbuka Dounbek,0,1094,45,11,1,2016-04-23,21:23:20,1.0,0.0
519212,Awesome Lead Guitar 1,25,60,6,38,1,2015-12-15,17:54:31,4.5,0.0
297930,The art of piano improvisation,20,83,4,9,0,2014-09-19,06:03:03,0.6666666666666666,0.0
663710,How To Build A Professional Djembe: Create Music Beauty &Biz,40,122,2,29,0,2015-11-12,17:59:28,1.5,0.0
471328,Advanced Euphonium Studies - Learn to Master the Euphonium!​,50,106,7,89,0,2015-04-16,16:43:45,6.0,0.0
892898,Didgeridoo - from zero to HERO! Part Two. Intermediate.,35,55,2,30,2,2016-07-02,14:48:10,2.0,0.0
638100,Fingerstyle Guitar by Jacques Stotzem - Advanced Level,30,77,4,14,0,2015-10-13,20:36:14,2.0,0.0
823860,Trumpet Pro Series - You're going to love practicing Trumpet,50,92,1,25,0,2016-04-22,23:43:37,6.0,0.0
635570,A Guide to Analog Synths: For the modern EDM enthusiast.,20,29,4,37,0,2016-04-20,23:05:39,3.5,0.0
96698,"Learn Classical Guitar Technique and play 'Spanish Romance"",https://www.udemy.com/guitar-techniques/,true,195,1316,46,43,All Levels,5 hours,2013-11-18T17:59:59Z
265888,Learn Guitar to Worship: Learn 4 Songs and unlock a 1",30,1463,29,52,1,2014-08-24,01:53:11,3.0,0.0
99324,Acoustic Blues Guitar Lessons,0,8217,109,10,2,2013-09-30,20:45:20,1.0,0.0
535650,Accelerate Your Guitar Learning With Metal Techniques,20,1305,25,68,0,2015-08-18,20:00:20,6.5,0.0
769270,Beginner Step by Step Keharwa Theka Tabla Course,20,916,26,16,1,2016-02-22,17:09:58,0.6666666666666666,0.0
51752,Just chords Piano: Learn to Play Piano Quickly - No Music,85,2357,15,53,1,2013-05-02,11:38:58,5.0,0.0
17922,Play Ukulele Now,30,1951,88,78,0,2012-06-02,21:40:53,5.0,0.0
112314,Acoustic Blues Guitar Lessons,125,1284,136,40,2,2013-11-28,08:54:00,12.5,0.0
656364,Piano Runs & Fills #1: Play Dreamy Whole Tone Scale Runs,70,769,10,33,0,2015-11-02,21:50:52,1.0,0.0
105350,Play Piano Today - Easy Festive Favorites & Piano Party Hits,75,3122,6,80,0,2013-10-27,15:18:29,4.0,0.0
606494,The 80/20 Beginner Guitar Course,50,1269,27,51,1,2016-04-28,18:21:33,3.0,0.0
1217408,Drums for Beginners,0,1618,4,15,1,2017-06-19,20:58:55,3.0,0.0
1037868,Digital Pianist Course-Learn Piano & Keyboard Fast & Easy,150,89,7,35,1,2016-12-26,15:21:25,3.0,1.0
1008098,Learn to play guitar and sing at the same time,45,66,9,8,1,2016-11-25,22:42:01,1.0,0.0
650836,Introduction to Ukulele 1,20,630,25,27,1,2015-12-01,19:23:03,1.0,0.0
504168,Learn Flute FAST!,45,249,33,61,1,2015-06-02,19:50:16,4.0,0.0
761584,Guitar Lessons - Soloing With Arpeggios - Essential Guide ,45,198,11,34,2,2016-02-13,20:32:55,5.0,0.0
743884,Piano With Willie: Blues n' Boogie Vol. 3,40,84,4,10,2,2016-04-13,05:42:43,2.5,0.0
583224,Instant Harmonica - play The Kesh (pt 1) it's easy and fun!,40,58,5,11,0,2015-08-17,18:39:16,0.5833333333333334,0.0
725906,Piano Lessons For Beginners: Learn Piano Quickly And Easily,75,186,35,56,1,2016-02-05,21:40:53,3.0,0.0
1146368,The Easy Beginner Drum Course,25,21,4,12,1,2017-03-21,18:31:45,0.5,0.0
589248,Instant Harmonica - play Somewhere Over the Rainbow now!,40,431,2,11,1,2016-01-04,21:22:38,1.0,0.0
584468,Instant Harmonica - play The Kesh (part 2) - easy and fun!,20,53,5,9,1,2015-08-17,19:02:38,0.5833333333333334,0.0
807934,The 80/20 Guitar: Write Music and Play Guitar in 30 Days,0,2610,28,24,0,2016-04-20,15:48:09,3.5,0.0
532572,Ukulele 2 : Level 1 KEY OF C AND STRUMS,20,26,2,26,1,2016-02-01,05:42:39,1.0,0.0
53277,Guitar for Music Educators: Learning How to Teach Guitar,20,32,3,22,1,2013-07-26,21:26:05,1.5,0.0
670376,Piano Tutorial : Ludovico Einaudi - Una Mattina,0,1631,23,6,0,2015-11-23,18:07:41,0.7333333333333333,0.0
1149202,Guitar Solo - Theory and Improvisation Lessons,60,12,4,34,2,2017-04-11,19:15:27,1.5,0.0
802040,Bluegrass Guitar Essentials: Webisodes 3 & 4,30,12,2,13,2,2016-03-24,15:26:48,2.0,0.0
789820,Instant Harmonica - play Christmas + Birthday songs now!,40,236,0,18,0,2016-05-18,18:46:00,1.5,0.0
806640,Blues Master - Advanced Techniques Piano Course,75,7,2,14,0,2016-03-29,00:12:02,1.0,0.0
802038,Bluegrass Guitar Essentials: Webisodes 5 & 6,30,11,2,16,2,2016-04-13,18:47:40,3.0,0.0
818838,Trombone Lessons For Beginners,95,11,2,34,1,2016-04-14,17:33:44,3.0,0.0
269832,Rhythm to Rock Drum Lesson 6,20,12,1,13,1,2014-08-21,01:51:51,1.5,0.0
759130,Flute Pro Series - You're about to love practicing the flute,50,135,1,28,0,2016-04-01,16:31:20,6.5,0.0
556076,How To Play Guitar - Everything You Need To Know To Start,50,5,1,8,1,2015-07-21,18:25:38,1.0,0.0
824020,Trombone Pro Series - Fall in love with the Trombone,50,57,6,57,0,2016-04-22,23:49:11,7.0,0.0
1223570,Learn How To Play 25 Classic Hip Hop Songs Ch.2,25,7,1,27,0,2017-05-23,23:51:34,3.5,0.0
139792,Learn to play tunes by ear on harmonica - no written music,35,73,3,15,2,2014-03-23,15:23:01,2.0,0.0
482334,Fingerpicking for Guitar,20,35,4,26,0,2016-09-14,16:38:02,3.0,0.0
602812,"Music Theory, Guitar and Ear Training",60,30,3,39,1,2015-11-22,18:35:43,3.0,0.0
1036400,"Piano Unbound. Piano learning method, a course for beginners",195,32,1,39,0,2017-04-25,14:57:21,2.5,0.0
866528,Advanced Trombone Studies - Learn to Master the Trombone!,50,39,2,136,0,2016-07-05,23:21:53,8.0,0.0
471352,"Euphonium Solos: Learn to Perform Three Fun, Unique Pieces!",50,90,2,61,0,2015-04-16,16:55:20,2.5,0.0
744080,Piano With Willie: Tritones & Phat Chords,40,37,3,19,2,2016-04-13,06:52:29,2.0,0.0
620372,Piano for Kids: Developing Your Child's Creative Abilities,65,42,2,37,1,2015-10-24,00:09:09,4.0,0.0
214418,Piano Lessons For The Hip Hop Fan,20,276,2,62,2,2014-05-12,13:38:56,5.5,0.0
619856,French Horn Solos: Learn how to Perform Three Fun Pieces!,50,88,1,48,0,2015-09-24,00:34:24,3.0,0.0
839028,Bluegrass Guitar Essentials: Webisodes 9 & 10,30,10,0,12,2,2016-08-06,15:31:24,2.0,0.0
771880,Clarinet Lessons For Beginners,95,11,0,41,1,2016-02-26,20:26:41,3.0,0.0
228268,Play music on Harmonica using 8 notes - learn easy tunes!,35,29,0,14,1,2014-05-26,13:25:00,1.0,0.0
944550,Learn Piano Online-A Quiet Solace Piano Solo,50,7,0,10,2,2016-08-29,21:48:56,1.0,0.0
839026,Bluegrass Guitar Essentials: Webisodes 7 & 8,30,9,0,10,2,2016-05-05,19:36:14,2.0,0.0
838320,The Art of the Blues Shuffle - A Guitarist's Guide,20,8,0,11,2,2016-06-26,16:57:13,1.5,0.0
838896,Learn Piano Online-Ambiance Piano Solo,50,8,0,10,2,2016-06-21,02:40:52,1.0,0.0
812602,Piano Lessons For Beginners,95,8,0,50,1,2016-04-12,19:38:48,4.0,0.0
190906,The Theory & Practice of Modes on the Guitar,35,17,0,7,2,2014-04-04,15:14:37,1.5,0.0
1124590,Learn How To Play The Trumpet,75,2,0,24,0,2017-06-19,21:42:44,1.5,0.0
917176,Violin for Beginners,50,4,0,18,1,2017-03-07,23:22:53,0.7333333333333333,0.0
647884,Beginner Acoustic Guitar Lessons,25,8,0,12,1,2015-10-28,20:33:28,1.0,0.0
646918,Aprendiendo Piano: Tocando piezas populares Vol.I,100,122,3,59,1,2015-11-14,00:42:39,3.5,0.0
1216752,Curso de Bateria - Explorando Diferentes Divisões,55,5,2,19,2,2017-05-18,07:14:21,2.0,0.0
1193536,Escalas Pentatónicas para guitarristas,25,11,3,23,0,2017-06-02,15:54:33,0.6,0.0
430962,Brass Master Class,20,36,6,30,0,2015-06-09,18:19:36,2.0,0.0
631480,Enseñando música: mejora tus clases de instrumento ,30,111,3,18,1,2015-10-07,18:01:05,1.5,0.0
970462,Ukelele exprés: aprende a tocar en menos de un mes,0,888,64,25,1,2016-10-17,19:14:29,1.5,0.0
852426,Curso de Guitarra para Principiantes,20,53,5,39,1,2016-06-01,17:36:30,3.0,0.0
430992,Mundharmonika spielen - mein schönstes Hobby,20,65,7,77,1,2015-06-09,17:39:42,2.5,0.0
733922,Aprende el acordeón de oído y con técnica –Nivel Intermedio–,25,38,7,51,2,2016-02-03,03:04:26,4.5,0.0
608436,Présentation du Banjo Ténor,20,18,4,31,1,2015-09-13,23:49:34,1.5,0.0
217628,Aprende a tocar el acordeón de botones,50,22,4,21,0,2014-05-19,15:58:53,3.5,0.0
631444,Aprendiendo piano: Lectura de piezas clásicas Vol.I,50,211,12,30,1,2015-10-08,18:06:24,1.5,0.0
935900,Pedais de efeito para Contrabaixo,50,10,3,10,0,2016-08-26,21:11:24,2.5,0.0
713492,Mantenimiento y octavación para guitarras eléctricas,35,12,3,14,0,2016-04-27,03:55:07,1.0,0.0
218540,Aprende a tocar el violín desde cero,50,17,1,22,0,2014-05-19,16:06:25,2.5,0.0
211780,Aprende a tocar el teclado como los expertos,50,11,1,37,0,2014-05-09,19:48:53,2.5,0.0
217320,Aprende a tocar el saxofón como siempre has querido,20,8,1,26,0,2014-05-16,17:23:28,3.5,0.0
387064,Guitarra para principiantes,20,7,1,46,1,2015-01-22,19:34:43,2.0,0.0
219756,Aprende a tocar flauta transversal sin complicaciones,50,6,2,23,0,2014-05-19,16:51:41,3.0,0.0
1243162,Aprende a tocar las escalas en el acordeón de botones.,20,2,0,21,1,2017-06-17,23:48:41,1.0,0.0
1174974,Curso de Violão Prático,70,5,0,10,1,2017-04-12,08:28:40,1.5,0.0
214828,"Aprende a tocar percusiones: congas, bongós, maracas y más",50,14,2,71,0,2014-05-16,17:07:11,3.5,0.0
430994,Gitarre spielen - mein schönstes Hobby,20,11,2,183,1,2015-06-09,17:18:29,2.0,0.0
207408,Aprende a tocar la guitarra acústica como un profesional,50,11,0,27,0,2014-05-05,22:03:41,3.0,0.0
445118,Guitar Lesson - Five Steps to Learn Barre Chords,35,57,9,9,0,2015-03-15,18:06:30,0.55,0.0
146852,"Easy Piano Basics™ - Learn Piano, No Prior Experience Needed",20,377,8,14,0,2014-01-30,16:29:05,1.5,0.0
147754,Guitar Technique Mastery: The Ultimate Chop Building Workout,20,273,4,6,0,2014-01-16,17:22:04,1.5,0.0
131512,Inside Drum Technique,50,406,10,25,0,2013-12-13,10:01:14,2.0,0.0
140168,"Learn to Play Tarrega, Bach, and Sor on Classical Guitar",195,556,11,27,2,2014-01-27,23:26:57,4.0,0.0
510098,Create Beautiful Music On The Piano Like a Pro In Minutes,95,115,17,17,0,2015-08-10,23:51:56,1.5,0.0
561774,Instant Harmonica - play the great Irish tune Molly Malone!,20,420,2,13,1,2015-07-23,20:14:45,1.0,0.0
1102396,Instant Harmonica - play 'Can't Help Falling in Love' now!,40,32,3,11,0,2017-02-07,03:15:40,1.0,0.0
1173716,Arpeggios for Guitar made Easy! Dominate the Fretboard,65,26,5,23,0,2017-05-02,16:26:45,3.0,0.0
761938,Guitar Lessons - The Modal System - Modes Essentials,45,116,7,27,0,2016-02-14,22:15:09,2.0,0.0
374566,Learn to Play Percussion: Beginner to Pro made the Easy Way!,50,425,7,192,0,2015-01-16,00:54:01,6.0,0.0
182940,Modern Piano Lessons For Beginners,20,736,6,46,1,2014-04-01,22:01:27,5.0,0.0
1003250,World Percussion: Complete Lessons for Everyone,40,68,9,56,0,2016-11-14,15:36:35,4.0,0.0
1190448,Learn Lion (Saroo) Soundtrack On The Piano By Ear,20,104,0,9,0,2017-04-24,19:51:27,0.5333333333333333,0.0
647276,Acoustic Blues Guitar Lessons,75,189,18,101,2,2016-01-10,21:39:42,4.5,0.0
26648,Play Guitar and Understand Music Quick & Easy in 28 Days!,20,738,6,64,0,2012-10-13,23:40:19,9.5,0.0
264396,Learn How to Play the Violin - Violin Basics,20,365,10,12,1,2014-08-13,01:32:18,0.5333333333333333,0.0
153230,Swing Low - The 101 Authentic Nashville Piano Style Course,20,146,5,15,0,2014-01-30,22:43:42,1.0,0.0
601230,Guitar:Play 5 Easy Christmas Chord Progressions On Guitar,50,383,4,9,1,2015-11-11,00:25:06,1.0,0.0
326310,Get Piano Skills TODAY!!! ,100,92,5,71,0,2014-11-05,18:40:00,3.5,0.0
398522,Learn the Violin - Scales and Fundamentals,80,291,14,39,1,2015-10-28,19:19:33,3.0,0.0
773144,Piano With Willie Building Technique with Scales Vol. 2,40,61,3,9,0,2016-04-13,06:29:50,1.5,0.0
324226,Master Flute Playing: Intermediate Instruction Made Simple!,50,288,15,100,2,2014-10-29,19:42:29,6.0,0.0
888668,How to Sing and Play the Guitar (at the same time),20,78,8,24,1,2016-07-18,19:42:57,1.5,0.0
301686,"Super Beginner Guitar - start right, start awesome",30,594,3,33,1,2014-11-26,03:57:18,2.0,0.0
151027,"Introduction to Guitar 'A Course for Beginners"",https://www.udemy.com/introduction-to-guitar/,true,25,163,11,56,Beginner Level,2.5 hours,2014-10-30T15:59:39Z
650804,Guitar  Master Class Learning How to Play Guitar from A to Z""",40,489,5,35,0,2015-10-26,22:01:15,4.0,0.0
269830,Rhythm to Rock Drum Lesson 5,20,13,3,9,1,2014-08-18,22:26:24,1.0,0.0
315812,Gibson's Learn & Master Guitar,50,103,33,309,0,2014-10-30,14:39:14,38.0,0.0
373636,Master the Trombone: Intermediate Instruction Made Simple!,50,231,7,110,0,2015-03-04,22:36:26,9.0,0.0
1113170,Walking Bass Fundamentals,50,44,3,34,0,2017-03-13,22:15:23,2.0,0.0
336446,Circular Breathing for musicians - practical skills,25,261,4,17,0,2014-11-06,10:11:14,1.5,0.0
455676,Electric Bass for Busy Beginners Course 1,50,114,15,13,0,2015-04-27,20:20:47,1.5,0.0
200108,Guitar for Absolute Beginners (Class 1),20,45,4,48,1,2014-05-01,15:32:23,1.5,0.0
198660,Tenor Banjo for Absolute Beginners,0,3167,161,34,1,2014-07-19,10:32:00,0.6166666666666667,0.0
763100,Guitar Lessons - 50 Essential Fast Legato Licks,35,105,9,23,2,2016-02-15,18:14:23,3.0,0.0
922828,Aprenda a tocar Pandeiro - Curso Iniciante - Samba/Choro,90,85,22,20,1,2016-08-21,18:50:26,2.0,0.0
32033,Aprende batería con el nuevo método IDT,20,335,32,25,0,2012-12-24,22:17:59,2.0,0.0
286070,5 lecciones que todo guitarrista debe tomar,0,4452,263,14,1,2014-08-23,05:08:14,1.0,0.0
55569,Los 7 Acordes para Tocarlo Todo en un fin de semana,20,332,23,42,1,2013-07-06,10:46:25,2.0,0.0
725566,Curso de Violão Popular,25,287,42,27,1,2016-01-27,23:12:19,6.0,0.0
829616,Aprendiendo Piano: Ejercicios de calentamiento,0,1876,109,11,1,2016-04-27,17:58:22,0.55,0.0
888852,Aprendiendo piano: Lectura de piezas clásicas Vol.II,40,113,4,18,1,2016-06-29,01:27:47,1.5,0.0
286898,"Aprende a tocar el Acordeón 'de oído y con técnica"",https://www.udemy.com/aprende-a-tocar-el-acordeon-de-oido-y-con-tecnica/,true,25,93,21,34,Beginner Level,4 hours,2014-09-16T19:51:45Z
263432,Aprende los Secretos de la Armónica con HARP&SOUL""",75,158,17,59,0,2014-07-28,13:55:43,2.5,0.0
375830,Guitarra Desde Cero - PARTE 1,35,480,12,123,1,2014-12-27,21:54:35,7.0,0.0
207440,Super-Curso de Guitarra Práctico Para Principiantes,85,228,26,215,1,2014-06-30,12:29:38,10.5,0.0
1042382,Explosão Pentatônica,55,42,5,19,0,2016-12-22,14:13:13,1.5,0.0
1114722,Complete Beginners Introduction to Guitar,40,10,4,35,1,2017-02-27,17:00:03,1.5,0.0
1102436,Learn 10 Scottish Tunes Piano Easy Level,45,103,1,46,1,2017-02-20,17:32:01,3.5,0.0
644820,Fingerpicking Fundamentals,20,75,7,22,1,2015-11-01,20:45:47,1.5,0.0
131562,Piano With A Pro,25,66,6,38,0,2014-05-05,20:37:22,2.5,0.0
628606,Piano Lessons for Beginners: Play the Piano AND Read Music!,70,61,9,30,1,2016-02-12,18:14:24,4.0,0.0
459888,Master the Tuba - Intermediate Instruction Made Simple!,50,184,5,107,2,2015-04-15,17:32:56,8.5,0.0
1141614,The Fun and Effective Piano Course,30,24,2,38,0,2017-04-24,16:09:35,3.5,0.0
605074,Advanced Flute Studies - Learn to Master the Flute!​,50,205,4,95,0,2015-09-07,23:28:56,5.0,0.0
749616,Alternate Picking Speed & Accuracy,20,19,4,83,0,2016-05-12,19:17:21,3.5,0.0
470482,"Master the Euphonium with Simple, Intermediate Instruction!",50,120,6,106,2,2015-04-16,16:29:41,8.0,0.0
344348,Master the Clarinet: Intermediate Instruction Made Simple!,50,232,11,97,0,2015-01-01,01:24:20,7.0,0.0
373556,Advanced Clarinet Studies - Learn to Master the Clarinet!,50,148,3,77,0,2015-01-01,01:23:28,4.5,0.0
214794,Aprende a tocar ritmo pop en el piano y teclado,20,10,1,9,0,2014-05-16,17:03:56,0.7166666666666667,0.0
782458,Aprendiendo Piano: Tocando piezas populares Vol.II,100,72,2,24,1,2016-03-31,17:10:42,1.5,0.0
823494,Comment jouer du Pianoforte,100,172,2,41,0,2016-05-02,19:34:42,3.0,0.0
212492,Aprende a tocar blues en el piano y teclado,50,10,4,22,0,2014-05-09,19:52:20,2.5,0.0
961774,ABC DO VIOLÃO E GUITARRA,85,25,2,30,1,2017-03-03,18:54:28,2.5,0.0
1261210,Suonare la Chitarra,200,1,1,22,0,2017-06-21,17:19:26,1.0,0.0
211052,Aprende todos los secretos de la guitarra flamenca,50,13,2,23,0,2014-05-07,21:26:44,3.5,0.0
597868,こどもギターレッスン　リトルギタリストⅠ,20,69,1,53,1,2015-11-07,23:09:05,3.0,0.0
218658,Aprende cómo tocar el Bajo Sexto,50,10,2,17,0,2014-05-19,16:46:59,3.0,0.0
1048182,Coach Guitar - Apprendre la GUITARE facile avec des COULEURS,50,25,1,321,0,2016-12-27,14:51:32,3.5,0.0
758216,Sistema Completo De Guitarra Rítmica Para Principiantes,55,21,3,32,1,2016-02-27,23:31:36,6.0,0.0
1144780,Curso de batería online de Patricio Iglesias (Santa Sabina),35,5,1,17,2,2017-03-28,18:15:08,4.0,0.0
628798,"Learn Piano with Beyer, 15 Minutes Challenge",65,418,2,30,0,2016-07-21,23:18:55,3.0,0.0
398224,"Classical Guitar Master Class: 'Alman  """,195,113,2,34,2,2015-04-21,23:43:30,2.0,0.0
147174,Blues Accelerator - 21 Days to Blues Guitar Mastery,50,78,6,45,1,2014-01-16,17:21:49,7.0,0.0
799912,Alto Saxophone Lessons For Beginners,95,51,7,42,1,2016-03-23,15:33:31,3.0,0.0
655958,Instant Harmonica - Christmas; play Jingle Bells part 2 now!,20,58,1,10,0,2015-12-17,18:29:20,0.7333333333333333,0.0
744034,Piano With Willie: Jazz & Gospel Exercises,40,56,3,28,2,2016-04-13,06:57:11,2.0,0.0
139790,Bending the blue notes to give you killer sound on harmonica,35,162,3,14,2,2014-03-02,13:14:08,2.0,0.0
288854,"Beginner's Guitar: Tuning, Strumming, and Chords!",0,2577,30,6,1,2015-07-03,19:07:11,0.6166666666666667,0.0
588264,Instant Harmonica - play The Lion Sleeps Tonight - today!,20,62,1,11,1,2015-08-21,21:37:53,1.0,0.0
773156,Piano With Willie Building Technique with Scales Vol. 3,40,42,1,11,0,2016-04-13,06:38:21,1.5,0.0
931152,Instant Bodhran - part two; learning further drumming skills,40,28,1,10,1,2016-08-18,22:04:40,1.0,0.0
21080,Guitar Essentials,20,261,1,18,1,2014-05-07,18:05:57,1.5,0.0
151120,Rhythm to Rock Drum Lessons,20,44,2,7,1,2014-02-02,20:57:55,1.0,0.0
1236576,Learn to play and improve 12 bar blues harmonica solos,40,4,1,27,1,2017-06-29,21:13:42,1.0,0.0
139784,Learn to improvise on your harmonica - in nice easy steps,35,98,1,15,1,2014-03-16,18:28:46,2.0,0.0
486412,Learning Electric Guitar for Absolute Beginners,35,19,2,12,1,2015-05-04,21:47:44,1.5,0.0
459468,Advanced Bassoon Studies - Learn to Master the Bassoon!​,50,197,0,106,0,2015-04-15,20:24:35,6.5,0.0
663696,Blues Guitar Lessons: Play Like the Greats - All Levels,20,58,4,47,0,2015-11-17,00:22:47,2.5,0.0
933812,Instant Harmonica - play Whiskey in the Jar + Molly Malone!,40,21,3,27,0,2016-09-20,15:32:31,2.0,0.0
149602,Learn To Play Trumpet Fast Using The Passive Trumpet Tutor,50,92,3,71,0,2014-01-27,17:06:43,1.5,0.0
277770,Electric Bass Right From The Start,100,239,1,9,1,2016-03-14,16:42:12,0.6666666666666666,0.0
552606,Beginner Guitar Essentials,95,5,2,45,1,2015-08-06,18:39:34,4.5,0.0
459926,Advanced Tuba Studies - Become a Master of the Tuba!​,50,173,0,63,0,2015-04-15,17:47:17,5.0,0.0
1040596,'Greensleeves' Creative Piano Lessons Course,20,10,1,8,0,2017-01-03,14:34:32,2.0,0.0
266004,Rhythm to Rock Drum Lesson 4,20,12,3,12,1,2014-08-18,22:06:31,1.5,0.0
720072,Hands On Guitar: Beyond Beginner,20,54,7,69,1,2016-01-22,18:46:48,3.0,0.0
1046768,Instant harmonica - play Auld Lang Syne the neet (tonight)!,40,28,1,13,0,2016-12-22,17:49:15,1.0,0.0
138336,Piano The Hard Way -  Fast Way To Life Long Piano Enjoyment,25,238,3,22,1,2014-02-19,03:46:50,1.0,0.0
333046,The Ultimate Method for Learning Modern Piano & Keyboards,25,512,3,151,0,2014-11-03,19:25:35,2.5,0.0
459207,Master the Bassoon - Intermediate Instruction Made Simple!,50,177,3,102,0,2015-04-15,17:12:37,7.5,0.0
814474,Oboe Pro Series - You're going to love practicing the Oboe,50,61,5,36,0,2016-04-08,23:26:22,7.0,0.0
1104496,Instant Harmonica - play this classic GAME OF THRONES theme!,40,21,2,13,1,2017-05-30,13:17:58,1.0,0.0
188064,"Trumpet Solos: Learn how to Perform Three Fun, Unique Pieces",50,115,6,53,2,2014-03-25,17:19:56,2.5,0.0
578750,Learn 4 Vital things that will make your DRUM PLAYING EASIER,35,510,1,8,0,2015-08-13,20:35:46,0.6166666666666667,0.0
184088,Sax Solos: Learn how to Perform Three Fun and Unique Pieces!,50,147,4,39,2,2014-03-17,22:56:41,1.0,0.0
1198302,Traditional-Style Electric Blues Guitar For Beginners,25,9,2,36,1,2017-06-22,21:08:35,3.0,0.0
208126,Aprende a tocar los mejores solos en la guitarra eléctrica,30,5,1,16,0,2014-05-07,21:18:09,2.0,0.0
34332,Aprende a tocar la guitarra,50,7,1,25,0,2013-02-22,18:19:38,1.5,0.0
204014,Aprende a tocar el piano desde cero,50,4,0,16,0,2014-04-30,16:15:20,4.0,0.0
219844,Aprende a tocar el clarinete.  ,50,4,0,26,0,2014-05-19,17:00:39,3.0,0.0
212506,Ahora aprende a tocar jazz en el piano,30,4,0,9,0,2014-05-09,19:55:55,1.5,0.0
687742,こどもギターレッスン　リトルギタリストⅡ,20,2,0,47,1,2016-02-18,19:19:38,3.5,0.0
219878,Aprende a tocar el contrabajo sin complicaciones,50,3,1,20,0,2014-05-19,17:02:52,3.0,0.0
207304,Aprende a tocar la guitarra eléctrica,50,3,0,39,0,2014-04-30,16:21:42,5.5,0.0
195196,Aprende a improvisar en la guitarra eléctrica,50,3,0,19,0,2014-05-05,21:59:45,3.0,0.0
834422,Curso de Teclado,40,1,0,26,1,2016-05-16,18:46:15,1.5,0.0
724436,Guitarra Acústica en Siete Días,20,1,1,38,1,2016-01-29,20:38:03,2.5,0.0
448250,improvisación de Guitarra,20,1,0,10,0,2015-03-24,18:59:20,1.0,0.0
796188,Step by Step Classical Guitar Course,100,9,1,45,1,2016-12-08,16:10:06,4.5,0.0
773174,Piano With Willie Building Technique with Scales Vol. 4,40,44,0,11,0,2016-04-12,23:21:42,1.5,0.0
450246,Back In Black the AC/DC Classic Rock Track,20,13,1,72,2,2015-04-10,21:07:56,2.0,0.0
201472,Keyboard Basics,25,17,1,7,0,2014-04-22,00:50:00,2.0,0.0
452514,Beginner Guitar Lessons,20,118,0,5,1,2015-03-23,22:49:58,1.0,0.0
765056,Guitar Fundamentals for Beginners,25,5,1,11,1,2016-02-22,17:33:15,2.0,0.0
196234,Easy Piano - learn and play along,20,11,1,48,1,2014-05-14,01:21:57,1.0,0.0
380596,Learn Piano: The Basics of Keyboards,20,113,0,24,1,2015-01-03,04:18:17,1.5,0.0
812370,Bassoon Pro Series - You're going to love practicing Bassoon,50,36,0,42,0,2016-04-08,23:34:17,6.5,0.0
832514,Acoustic Guitar Lessons For Beginners,95,10,3,39,1,2016-04-27,17:25:32,3.0,0.0
1025536,Coach Guitar - Amazing New Way To Learn Guitar With Colors,50,12,0,321,0,2016-12-27,14:50:10,3.5,0.0
82960,Mastering the Art of Guitar Chords,20,78,0,18,1,2013-11-18,20:23:02,1.5,0.0
1207112,30 Day Guitar Jump Start for Success,105,31,4,92,1,2017-05-24,17:03:41,4.0,0.0
457206,Learn to Play Bassoon: Beginner to Pro in Under Four Hours!,50,205,11,77,1,2015-04-15,16:32:47,5.0,0.0
589900,The 7 Day Guitar Method,20,213,4,11,0,2015-10-26,19:19:34,2.5,0.0
854694,Instant Harmonica - play Star Wars + the Lion Sleeps now!,40,33,3,20,0,2016-08-13,12:50:31,1.5,0.0
861566,Instant harmonica - play Adele's wonderful 'Hello' today!,20,284,3,12,0,2016-05-30,18:19:12,1.0,0.0
1244302,Guitar Strumming 101 - Have More Fun Playing Songs You Love,50,8,2,16,1,2017-06-20,19:53:50,1.0,0.0
349142,Master Oboe Playing: Intermediate Instruction Made Simple!,50,98,6,73,2,2015-01-01,01:25:10,5.5,0.0
56970,Drum Set for Beginners,20,119,8,26,1,2013-10-02,02:34:36,3.5,0.0
762482,Guitar Lessons - Economy Picking Essentials,35,45,5,15,2,2016-02-15,18:55:28,1.5,0.0
100916,Blues Guitar Lessons - Blues Guitar - Robert Johnson,20,297,7,7,2,2013-10-07,15:34:58,2.5,0.0
869312,TAKE NOTE BEGINNER CLARINET!  –  Fun with Fundamental Skills,30,137,2,43,1,2016-06-13,15:00:33,4.5,0.0
721274,Learn to Play Irish Fiddle,60,112,7,63,1,2016-01-18,17:07:29,5.5,0.0
719920,Hands-On Guitar: The Beginner's Guide,20,28,7,72,1,2016-01-22,18:49:15,4.0,0.0
846962,Slap Bass For Beginners,50,79,3,25,0,2016-06-23,16:37:38,1.5,0.0
206986,Piano Lessons for Beginners Made Easy,25,333,5,40,1,2014-05-28,19:07:38,3.0,1.0
813142,Horn Pro Series - You're going to love playing French Horn,50,48,3,61,0,2016-04-08,23:08:08,8.0,0.0
701662,Instant Harmonica - play the Irish tune Whiskey in the Jar!,20,41,1,13,0,2015-12-28,20:45:10,1.0,0.0
90132,Didgeridoo - from zero to HERO! Part Three. Advanced level.,35,209,5,19,3,2014-10-10,08:05:42,1.5,0.0
815182,Saxophone Pro Series - You're going to love practicing Sax,50,119,4,32,0,2016-04-08,23:06:53,5.5,0.0
476000,Easy Piano for Kids - Complete Beginner Piano Course,115,139,8,104,1,2015-06-26,22:34:55,5.5,0.0
762240,Guitar Lessons - Two Handed Tapping Essentials,35,41,2,11,2,2016-02-14,22:09:55,1.5,0.0
810576,Clarinet Pro Series - Fall in love with the Clarinet,50,95,3,30,0,2016-04-08,22:28:18,6.0,0.0
188498,Advanced Trumpet Studies - Learn to Master the Trumpet!​,50,184,4,82,2,2014-03-26,04:01:28,4.0,0.0
1144288,Poldark TV series Soundtracks for Piano-Quicklessons,20,8,1,9,1,2017-03-16,22:39:09,1.0,0.0
180680,Master the Saxophone: Intermediate Instruction Made Simple!,50,376,9,86,2,2014-03-17,18:21:36,5.5,0.0
1031698,You Can Play Jazz Saxophone,20,37,7,6,1,2017-03-15,16:20:15,1.5,0.0
62252,"Improvise Puccini´s 'E Lucevan le Stelle on Piano""",20,169,3,16,0,2013-10-21,13:48:20,2.0,0.0
1113008,Building Up To Barre Chords,20,20,6,12,0,2017-03-16,22:57:47,0.7166666666666667,0.0
807494,Learn the Violin - Bowing Techniques,80,89,6,12,2,2016-06-26,23:42:59,0.6666666666666666,0.0
761122,Blues Guitar Lessons - Volume 3 - Minor Blues Essentials,45,98,5,14,0,2016-02-13,02:57:32,2.0,0.0
12214,Back 2 The Basics,50,265,23,65,0,2013-07-19,18:11:57,3.0,0.0
344180,Play the Jews Harp - instant skills for non musicians.,25,196,16,35,2,2015-01-22,16:06:05,2.5,0.0
185266,Master Trumpet Playing: Intermediate Instruction Made Simple,50,292,18,130,2,2014-03-24,16:33:14,7.0,0.0
1076244,Practical Guitar Theory: Level 1,60,14,3,41,0,2017-05-01,21:04:16,1.5,0.0
1036338,Instant harmonica - enjoy playing Silent Night tonight!,40,16,3,12,0,2016-12-14,21:53:51,0.6333333333333333,0.0
266682,HARP&SOUL  |  Learn the Secrets of the Harmonica,35,114,8,59,0,2014-10-01,10:06:34,2.0,0.0
615226,"Play Leyenda, Canarios, and Bach on Classical Guitar",195,185,8,70,2,2015-11-05,23:30:42,7.5,0.0
963094,Instant Harmonica - play the cool tune Dirty Old Town now!,40,42,8,17,0,2016-10-12,16:54:54,1.5,0.0
742096,Ultimate Beginner Guitar Guide - Both Acoustic & Electric ,45,57,9,15,1,2016-02-16,17:19:38,2.0,0.0
648492,Guitar Lessons : Rock Guitar in 1 Day!,50,17,4,37,1,2015-12-06,22:37:13,1.5,0.0
222062,Tenor Banjo,40,70,6,18,2,2015-06-17,21:41:42,1.0,0.0
103662,Introduction to Lead Guitar,20,245,8,34,2,2013-11-26,23:41:44,1.5,0.0
742764,Piano With Willie: Basics of Improvisation,40,76,4,23,1,2016-04-13,06:49:29,3.5,0.0
856950,Euphonium Pro Series - Fall in love with the Euphonium,50,44,2,40,0,2016-05-24,16:46:58,7.5,0.0
902480,Pure Rock Guitar : Play Like the Gods of Rock!,45,80,5,24,0,2016-07-29,21:24:14,4.5,0.0
263846,Master the French Horn: Intermediate Instruction Made Simple,50,68,8,126,2,2014-10-29,19:43:02,7.5,0.0
1160066,Classical Guitar Technique: 80/20,175,54,0,18,0,2017-03-30,03:30:37,2.5,0.0
625974,Total beginner to intermediate guitar - Learn to play by ear,45,80,4,112,1,2015-10-16,17:11:30,3.0,0.0
782460,Aprende escalas y arpegios  Vol. I: Modo mayor,50,85,2,30,1,2016-03-31,17:45:31,1.5,0.0
147104,Aprende a tocar Guitarra RAPIDO y FACIL con Guitarsimple,40,57,7,16,1,2014-01-22,06:22:03,4.0,0.0
1189926,Ukulele lernen für Papas mit Bruder Jakob,55,12,1,38,1,2017-05-04,21:54:35,1.0,0.0
1143414,Tin Whistle Básico,20,11,2,53,1,2017-05-17,20:40:25,1.5,0.0
1066002,Leve a sua técnica de pedal duplo para um novo patamar,40,42,4,196,2,2017-01-16,15:41:04,5.5,0.0
767400,Sevillanas con Castañuelas - Baile y toque al mismo tiempo,40,20,4,24,0,2016-02-23,18:24:02,1.5,0.0
492954,見てわかる！やさしく独習アコギ（入門編）TAKA先生のアコースティックギターレッスンⅠ,20,41,3,48,1,2015-07-06,18:23:31,2.0,0.0
1129652,【すぐに覚える！】ASALATO-アサラト(打楽器)初心者向け入門講座,20,5,1,7,1,2017-04-19,20:52:48,0.5833333333333334,0.0
13216,Aprende a Tocar Teclado - Piano,35,119,8,52,0,2012-01-26,05:36:39,3.5,0.0
760452,Castañuelas por Sevillanas - Curso del toque de castañuelas,40,22,2,17,0,2016-02-12,14:41:40,0.7166666666666667,0.0
1152334,Aprende a tocar el acordeón de botones,50,20,6,24,1,2017-05-17,16:50:41,2.0,0.0
214770,Aprende a tocar Música Cristiana en el piano y teclado,20,17,3,13,0,2014-05-16,17:02:00,1.0,0.0
1134842,Easy Guitar Songwriting And Harmony,20,82,3,62,1,2017-03-14,16:24:13,3.5,0.0
139772,How to play easy tunes on the harmonica - just the basics,35,79,3,15,1,2014-02-25,19:47:53,1.5,0.0
171598,Rhythm to Rock Drum Lessons 2,20,21,2,11,1,2014-03-10,02:09:54,1.0,0.0
854692,Instant Harmonica - play Over the Rainbow + Skye Boat now!,40,29,4,22,0,2016-07-18,21:54:18,1.5,0.0
805706,Bagpipe Instruction For Beginners,30,31,4,5,1,2016-04-24,16:32:40,1.0,0.0
618586,"Flute Solos: Learn how to Perform Three Fun, Unique Pieces",50,156,4,62,0,2015-09-22,22:02:02,3.0,0.0
205764,Rhythm to Rock Drum Lessons 3,20,12,2,12,1,2014-07-18,02:11:57,1.0,0.0
762648,Guitar Lessons - Sweep Picking Arpeggio Essentials,35,74,6,13,2,2016-02-15,16:59:22,1.5,0.0
245722,Painless Piano!,40,353,1,30,1,2014-06-23,14:11:47,3.5,0.0
53157,Beginning Flute Lessons,20,137,12,17,1,2013-05-29,23:20:37,2.5,0.0
932842,Piano Lesson Variety,40,59,1,28,2,2016-08-18,22:00:29,4.0,0.0
883138,Pop and Jazz Keyboards and Harmony (beginner level),180,47,7,13,1,2016-07-12,19:26:29,3.0,0.0
139788,Starting to play the blues on your harmonica in easy steps ,35,71,3,16,2,2014-03-01,18:53:36,2.0,0.0
951608,Learn the Viola - Scales and Fundamentals,80,21,3,38,1,2016-11-16,17:34:03,2.5,0.0
975626,"Learn to Play 'Let It Snow on Piano""",40,36,4,8,2,2016-10-04,17:36:42,1.0,0.0
1104492,Instant Harmonica - play the Irish anthem Danny Boy today!,40,8,1,15,0,2017-03-21,20:54:20,1.0,0.0
1196538,Piano Building Blocks: Learn Chord Additions & Variations,0,375,0,9,1,2017-07-02,21:55:41,1.0,0.0
184324,Advanced Saxophone Studies - Learn to Master the Saxophone!,50,215,5,80,2,2014-03-18,02:25:11,4.0,0.0
139794,Killer Harmonica sounds using the tongue and bending notes ,35,80,2,16,2,2014-03-17,15:18:34,2.0,0.0
582390,Instant Harmonica - play When the Saints on harmonica now!,20,31,1,10,1,2015-08-14,18:30:56,1.0,0.0
132950,Strumming the Guitar - 5 Lessons on Strum Patterns,20,56,3,10,1,2013-12-13,01:34:44,0.6333333333333333,0.0
845518,Learn Piano Online-Keys to the Keyboard,50,18,1,9,1,2016-05-12,17:52:37,2.0,0.0
835616,Ukulele Lessons For Beginners - Fast Track Your Learning,20,57,8,28,1,2016-06-09,04:54:44,1.0,0.0
101504,Blues Guitar Lessons - Ragtime Blues Guitar,20,59,3,6,3,2013-11-26,16:12:43,2.0,0.0
594852,Getting Started with Power Chords,20,6,0,27,1,2015-12-17,20:36:08,1.0,0.0
806642,Blues Master - Professional Techniques Piano Course,75,4,0,16,0,2016-03-29,00:11:57,1.0,0.0
809492,Drumming 101: The Essential Elements,50,4,0,17,1,2017-05-02,13:26:22,1.5,0.0
785210,Flute Lessons For Beginners,95,3,0,41,1,2016-03-09,00:34:03,2.5,0.0
339382,Guitar for Christmas!,20,7,0,17,1,2014-11-30,20:48:59,0.5333333333333333,0.0
963664,Learn Piano Online-Nocturnal Piano Solo,60,2,0,11,2,2016-09-21,04:58:08,1.5,0.0
632234,Guitar Chords and Basic Strumming,20,3,0,35,1,2015-12-17,18:14:23,2.5,0.0
594854,Getting Started on the Acoustic Guitar,20,3,0,28,1,2015-10-20,20:02:26,1.0,0.0
974704,Learn Piano Online-In the Garden Piano Solo,60,1,0,11,2,2016-10-03,22:36:29,1.0,0.0
545036,Saxophone Essentials: Beginners Course,40,3,0,16,1,2017-04-26,17:28:12,1.5,0.0
388712,Learn To Play The Guitar In A Day,20,3,1,14,1,2015-01-09,03:55:17,1.0,0.0
383852,88 Logic - The Essential Guide To Learning Piano,25,3,0,5,1,2015-01-13,15:45:05,0.5333333333333333,0.0
459946,Tuba Solos: Learn how to Perform Three Fun and Unique Pieces,50,164,0,20,2,2015-04-15,18:00:06,2.0,0.0
994050,Instant Harmonica - play Dylan's Like a Rolling Stone now!,40,28,2,11,0,2016-10-27,19:48:23,1.5,0.0
899702,Advanced Oboe Studies - Become a Master Oboist!​,50,47,0,82,3,2016-07-28,02:46:15,4.0,0.0
1111562,Instant Harmonica - play 'I just called to say I love you',40,15,0,11,0,2017-02-15,20:44:12,1.0,0.0
320238,Jazz piano improvisation: The girl form Ipanema. Bossa nova,30,151,1,5,0,2014-10-16,12:34:42,0.55,0.0
818786,Drum Lessons For Beginners,95,14,1,34,1,2016-04-13,21:02:15,2.5,0.0
741388,Piano With Willie: Jazz Kids - Vol 3,40,16,1,29,1,2016-04-13,06:01:56,3.0,0.0
629704,Quick Piano Lessons - Tutorials for Drake's Greatest Hits,35,19,1,4,0,2015-10-04,21:39:58,0.55,0.0
839032,"Bluegrass Guitar Essentials: Webisodes 13, 14, & 15",30,14,1,13,2,2016-12-15,03:58:40,1.5,0.0
23683,Guitar - Rock - Beginner with Marc Seal,20,40,1,27,0,2012-08-31,22:06:29,1.0,0.0
912254,"Oboe Solos: Learn to Perform Three Fun, Unique Pieces!",50,41,0,43,0,2016-07-28,03:10:09,2.0,0.0
839030,Bluegrass Guitar Essentials: Webisodes 11 & 12,30,9,1,24,0,2016-10-22,00:02:49,2.0,0.0
619610,Advanced Horn Studies - Learn to Master the French Horn!​,50,46,0,91,0,2015-09-23,17:14:50,7.0,0.0
106358,Learn To Play Guitar Complete Beginners Quick Start,20,75,0,11,1,2013-10-16,16:25:07,1.0,0.0
742300,Piano With Willie: Jazz Kids - Vol 4,40,19,0,30,2,2016-04-13,06:13:18,3.5,0.0
636846,Instant Harmonica - play the old Popeye Spinach song now !,20,22,0,10,1,2015-10-19,00:15:00,0.6,0.0
741316,Piano With Willie: Jazz Kids - Vol 2,40,17,0,38,1,2016-04-13,05:57:35,3.0,0.0
681390,Practice guitar with no previous experience and become a pro,30,26,0,14,1,2017-01-13,17:26:06,1.0,0.0
1195742,The Music Coach Online Spirit Drum Course,95,2,0,86,1,2017-05-04,16:44:06,5.5,0.0
794398,Make Electronic Music with the iPad,20,13,0,69,1,2016-04-01,06:53:55,1.5,0.0
1232728,Learn Loreena McKennitt Songs-Quicklessons Piano Course,20,1,0,6,0,2017-05-29,03:40:21,0.5666666666666667,0.0
721202,Guitar 201: Breakthroughs,20,14,1,49,1,2016-01-22,20:11:29,2.5,0.0
1058262,Major Scales and Modes for Chromatic Harmonica,20,6,1,14,0,2017-04-10,16:57:05,1.5,0.0
132878,Play Guitar with Rhythm - 5 Easy Lessons,20,31,0,10,1,2013-12-12,23:29:50,1.0,0.0
944804,Coaching Bundle: Guitar for Music Educators: Part 1,135,1,1,5,0,2016-09-01,23:22:14,0.5,0.0
939636,Coaching Bundle: Guitar for Music Educators: Part 2,135,1,1,6,0,2016-09-02,15:11:55,0.5,0.0
730702,Ukulele 3:  Intermediate,25,1,0,11,2,2017-05-24,23:03:44,0.65,0.0
993892,"Beginners Guitar Course - 'Try it and love it method""",25,0,0,16,1,2016-10-31,18:10:06,2.0,0.0
1026760,Coaching Course: Rhythm Instruction for Music Educators P1,130,0,0,6,0,2017-03-10,16:55:04,0.5333333333333333,0.0
1223240,Learn Pirates of the Caribbean by Ear on the Piano,20,0,0,6,0,2017-05-22,17:14:43,0.5333333333333333,0.0
1026762,Coaching Course: Rhythm Instruction for Music Educators P2,125,0,0,7,0,2017-03-10,17:06:46,0.6333333333333333,0.0
1234656,4 Week Rhythm Mastery,20,0,0,28,1,2017-07-05,16:07:44,2.5,0.0
1214670,Tune that Sour Note on Your Piano,20,0,0,6,0,2017-06-20,21:46:40,0.55,0.0
1272282,Learn Vikings Soundtracks on the Piano by Ear,20,0,0,8,0,2017-06-29,15:10:58,0.5833333333333334,0.0
1224186,Learn to Play Piano Like a Pro - Easy Piano Course 1,35,0,0,13,1,2017-05-30,00:19:02,0.5166666666666667,0.0
1265814,ABRSM Grade III Piano Class - Handel Sonatina in G 2017-2018,20,0,0,5,1,2017-07-06,16:12:34,0.5166666666666667,0.0
1104500,Instant Harmonica - play 12 bar blues Big Walter style now!,40,31,2,14,0,2017-05-19,12:26:28,1.0,0.0
99946,Fingerpicking Blues Guitar Lessons - Bottleneck Guitar,20,237,12,6,2,2013-10-08,07:43:00,1.5,0.0
632488,Spice up your playing with some easy Flamenco techniques! ,40,120,11,47,2,2015-11-06,16:49:43,0.7333333333333333,0.0
41890,Beginners Guide to Playing Guitar - Step-by-step System,85,384,25,98,1,2013-06-10,14:49:09,10.5,0.0
385684,Guitar Kick Start,0,3160,47,22,1,2015-03-19,21:16:32,1.0,0.0
559438,Instant Harmonica – play Beethoven’s Ode to Joy right now!,20,455,3,11,1,2015-07-22,21:55:34,1.0,0.0
760698,Funk Rhythm Guitar Techniques,35,82,6,7,0,2016-02-17,18:12:40,1.5,0.0
427066,Flamenco Guitar,25,136,20,34,1,2015-12-07,21:39:25,4.0,0.0
444644,Learn to play the Bouzouki - Greek Bouzouki Lessons,50,63,13,49,0,2015-03-19,18:39:23,1.0,0.0
743846,Guitar Looper Basic Training,45,64,13,15,0,2016-02-29,17:06:36,1.5,0.0
741172,Piano With Willie: Jazz Kids - Vol 1,40,28,3,32,1,2016-04-13,05:49:57,4.5,0.0
618396,Instant Harmonica - play the Drunken Sailor sea shanty now! ,20,27,3,9,1,2015-10-18,22:42:50,0.6166666666666667,0.0
1216340,Learn to Play Sweet Child of Mine,20,0,0,23,2,2017-06-30,17:33:29,1.5,0.0
787686,Bluegrass Guitar Essentials: Webisodes 1 & 2,0,970,14,9,2,2016-03-20,19:36:03,1.0,0.0
566856,Learn Monster GODJ,0,991,29,12,1,2015-07-29,17:49:53,1.0,0.0
592122,What you can learn before Piano Lessons,0,61,1,31,1,2015-09-01,20:54:52,1.5,0.0
968026,Learn to Play Tabla - The Indian drums,0,1,0,20,1,2017-07-04,21:04:11,1.5,0.0
778682,Gitarre spielen wie die Profis,20,1981,28,38,1,2016-03-21,17:32:24,2.0,0.0
988678,Curso de piano 101 - Tocando partituras y acordes -,170,245,26,93,0,2016-10-28,16:32:47,4.5,0.0
1193950,Sintetizadores e Síntese Subtrativa,85,38,12,83,0,2017-05-02,18:05:23,5.0,0.0
592606,Spielend Klavier lernen mit Freude und Erfolg,100,255,30,53,1,2015-11-12,06:40:19,4.0,0.0
1232356,Curso de ejercicios técnicos al piano Vol.2,50,62,1,22,0,2017-05-29,15:58:53,1.0,0.0
966522,Curso de ejercicios técnicos al piano Vol.1,60,186,9,24,0,2016-09-30,17:24:49,1.5,0.0
1223310,Aprende escalas y arpegios Vol.2 : Modo menor,50,62,1,49,0,2017-05-29,15:49:40,2.5,0.0
933814,Instant Harmonica - play Blowing in the Wind + Popeye theme!,40,13,1,24,0,2016-09-23,16:18:59,1.5,0.0
618334,Instant Harmonica - play jazzy Autumn Leaves now (part one),20,25,1,10,1,2015-10-19,18:40:45,0.65,0.0
812610,Trumpet Lessons For Beginners,95,17,3,35,1,2016-04-06,20:04:46,2.5,0.0
23861,Guitar - Rock - Beginner/Intermediate with Marc Seal,20,36,4,40,1,2012-10-07,00:47:57,1.5,0.0
1191088,Learn to play in the Key of G on any Bluegrass Instrument,0,349,3,36,0,2017-05-29,17:27:42,2.5,0.0
22825,Beginner Guitar Method,200,85,2,23,1,2012-10-31,04:13:51,4.0,0.0
568322,How to Play Dan Fogelberg Songs on Guitar,25,24,1,49,2,2016-03-29,16:57:54,4.5,0.0
1146288,Jews Harp - Advanced course,30,26,1,52,3,2017-03-30,18:45:06,3.5,0.0
618370,Instant Harmonica - play jazzy Autumn Leaves now (part two),20,19,1,9,1,2015-10-19,20:13:21,0.5333333333333333,0.0
200722,Jazz Guitar Reharmonization for Autumn Leaves,20,30,1,15,0,2014-07-03,09:25:51,0.6166666666666667,0.0
809968,Tenor Saxophone Lessons For Beginners,95,45,5,43,1,2016-04-04,18:44:36,3.0,0.0
664764,Mike G's Beginner Drum Course: Part 2,40,305,0,23,0,2016-03-10,06:33:48,2.5,0.0
854690,Instant Harmonica - play Summertime + Drunken Sailor now!,40,26,2,20,0,2016-07-24,15:55:44,1.5,0.0
201894,Add Slide To Your Guitar Playing,20,75,2,27,0,2014-05-28,17:32:53,0.7333333333333333,0.0
743970,Piano With Willie: Piano Chords Vol. 2,40,32,2,11,2,2016-04-13,06:45:40,1.5,0.0
210020,Drum Lessons For Beginners,50,70,2,17,1,2014-05-17,18:24:30,1.5,0.0
263672,Classical Guitar Finger-Picking: Right Hand Arpeggios,195,200,11,19,0,2014-07-24,19:17:09,2.0,0.0
411986,"Rapidly Learn & Master Acoustic Guitar, Classic Fingerstyle",30,478,3,31,1,2015-02-06,10:46:51,0.7,0.0
139778,Play tunes on harmonica and learn how to bend some notes,35,73,2,16,1,2014-03-09,22:32:54,2.0,0.0
933816,Instant Harmonica - play Yesterday + Scarborough Fair today!,40,33,5,26,0,2016-08-26,19:51:47,2.0,0.0
676432,Violin lessons for beginners,20,59,6,15,1,2015-11-25,21:56:34,1.0,0.0
42255,Old-Time Banjo for the Absolute Beginner,25,192,21,17,1,2014-03-12,15:55:49,1.5,0.0
112602,"Learn Guitar The Easy Way, It's Faster",25,57,2,16,1,2013-11-14,17:47:35,4.5,0.0
607360,Learn Oud 2,20,81,11,27,2,2015-09-10,19:39:22,3.0,0.0
521440,The Essentials of Acoustic Guitar Strumming Patterns,0,2995,51,19,1,2015-07-01,22:48:40,1.0,0.0
198692,Acoustic Guitar After The Basics,45,181,17,25,2,2014-11-20,09:38:59,2.5,0.0
825186,Bossa Nova - Guitar for Beginners,20,589,6,8,1,2016-04-19,15:46:43,1.0,0.0
743932,Piano With Willie: Piano Chords Vol. 1,40,48,4,14,1,2016-04-13,06:42:25,2.0,0.0
586490,Instant Harmonica - play Summertime in 8 fun & easy lessons,40,81,7,11,1,2015-08-19,19:29:18,1.0,0.0
459804,Learn to Play the Tuba: Beginner to Pro in Under Five Hours!,50,225,19,106,0,2015-04-15,18:02:45,6.0,0.0
199500,Play Autumn Leaves' falling notes on piano with no reading!,30,438,10,12,2,2014-04-29,01:19:05,0.5666666666666667,0.0
644654,Learn Basics of South Indian Carnatic Flute - Level 2,180,152,21,91,1,2016-03-03,21:20:36,4.5,0.0
146450,A Year's Worth of Piano Lessons in One Weekend,20,244,25,33,1,2014-04-30,19:16:10,6.0,0.0
441996,Bones of the Blues - learn 4 cool tunes to expert level now!,200,248,9,21,0,2015-03-09,21:31:38,2.0,0.0
1065198,GUITAR #1: Beginner Basics and Beyond,20,111,12,64,1,2017-03-01,05:07:08,3.0,0.0
1103526,Pure Modal Magic: The Complete Guitar Modes Solution,50,52,3,18,0,2017-02-14,03:09:24,2.0,0.0
211714,Aprende diferentes ritmos con la guitarra rítmica,20,10,1,12,0,2014-05-07,21:32:43,1.0,0.0
213984,Aprender a tocar la batería sin salir de casa,50,10,0,23,0,2014-05-09,21:09:19,4.0,0.0
217540,Aprende a tocar el bajo eléctrico ,50,9,0,33,0,2014-05-16,17:29:37,3.5,0.0
212438,Aprende todos los secretos de la salsa para piano,50,7,0,17,0,2014-05-09,19:50:45,3.0,0.0
212520,Aprende a tocar ritmos latinos en el teclado,50,7,0,31,0,2014-05-09,20:01:06,3.5,0.0
1150468,Ukulele lernen für Papas mit Aram sam sam,55,1,0,37,1,2017-05-17,20:23:46,0.7,0.0
218596,Aprende a tocar la trompeta,50,6,2,30,0,2014-05-19,16:44:04,3.0,0.0
513528,Curso de guitarra para principiantes.,20,4,0,7,1,2015-06-11,15:55:19,1.0,0.0
211026,Aprende a tocar Jazz y Ritmos Latinos en la guitarra,50,6,0,17,0,2014-05-07,22:15:04,3.0,0.0
847808,こどもギターレッスン　リトルギタリストⅢ（完結編）,20,3,0,36,1,2016-10-03,16:42:12,1.0,0.0
218856,Aprende a tocar la flauta dulce de forma sencilla y gradual,50,5,0,23,0,2014-05-19,16:49:04,3.0,0.0
214218,"Aprende a tocar jazz, salsa y blues en el piano",20,5,0,23,0,2014-05-19,15:55:12,3.0,0.0
